,Action,Action_Date,Affected_Fields,Metadata_Type,Provider,Provider_ID,Provider_QA_Contact,Programmer_Call_Letters,Network_Name,Contract_Name,Distributor_Name,Creation_Date,Package_Asset_ID,Title_Asset_ID,Movie_Asset_ID,Preview_Asset_ID,Preview2_Asset_ID,Poster_Art_Asset_ID,Box_Cover_Asset_ID,Provider_Content_Tier,Title,Title_Medium,Title_Brief,Title_Sort_Name,Licensing_Window_Start,Licensing_Window_End,Summary_Long,Summary_Medium,Summary_Short,Category,Genre,Rating,TV_Content_Labels,Select additional TV Content Labels below in drop down cell,,,,,Suggested_Price,Year,Box_Office,Studio,Supplier_Billing_ID,Actors,Actors_Display,Director,Producers,Writer_Display,Recording_Artist,Show_Type,Episode_ID,Episode_Name,Syndicated_Episode_Number,Original_Air_Date,Series_Name,Season,Song_Title,Languages,"Additional Languages. Select up to 10 languages per asset. Look up language codes in list below, then select code(s) from the dropdown cells.",,,,,,,,,,,,Advisories,Select from the Advisories Categories below,,,,,,Copy_Protection,CGMS_A,Maximum_Viewing_Length,Ad_Enabled,Splicing_Enabled,CAVCO_Number,OFRB_Number,Closed_Captioning,Audio_Type,HD_Content,3D_Mode,Movie_Run_Time,Display_Run_Time,Movie_File_Name,Movie_Content_FileSize,Movie_Content_CheckSum,Movie_Resolution,Movie_Frame_Rate,Movie_Codec,Movie_Bit_Rate,Movie_TrickModesRestricted,Movie_Delivery_Method,Preview_Run_Time,Preview_File_Name,Preview_Content_FileSize,Preview_Content_CheckSum,Preview_Resolution,Preview_Frame_Rate,Preview_Codec,Preview_Bit_Rate,Preview_TrickModesRestricted,Preview_Delivery_Method,Preview2_Run_Time,Preview2_File_Name,Preview2_Content_FileSize,Preview2_Content_CheckSum,Preview2_Resolution,Preview2_Frame_Rate,Preview2_Codec,Preview2_Bit_Rate,Preview2_TrickModesRestricted,Preview2_Delivery_Method,Poster_Art_File_Name,Poster_Content_FileSize,Poster_Content_CheckSum,Box_Cover_File_Name,Box_Cover_Content_FileSize,Box_Cover_Content_CheckSum,Extended_Storage,Library_Storage_Override,Turnaround_Range,Propagation_Priority,Movie_Source_File_Name ,Preview_Source_File_Name ,Poster_Source_File_Name,Poster3_Art_Asset_ID,Poster3_Art_File_Name,Poster3_Content_FileSize,Poster3_Content_CheckSum,Poster_Format,Movie_Format,Movie_EncodingProfileTitle,Title_show_categories,Title_Episode_ID_Type,Title_Episode_Number,Title_Season_Number,Title_Series_ID,Title_Series_ID_Type,,Title_Video_Content_Type,C3 Airdate,Black-out Start Times,Black-out End Times,EIDR,Preview2_Source_File_Name ,Boxcover_Source_File_Name,Poster3_Source_File_Name,,,,,,,,,,,,,,,,,RTO Enable,RTO Activation,RTO Deactivation,RTO Price UP,EST_Asset,EST_BlackoutIndicator,EST_BlackoutReason,EST_Blackout_Window_Start,EST_Blackout_Window_End,EST_PPA,EST_PPT,MSV_Association,EST_DP,EST_RentalLicenseWindow,EST_AssocProvId,EST_PurchaseTier,EST_RentalTier,EST_PurchaseStart,EST_PurchaseEnd,EST_RentalStart,EST_RentalEnd,EST_RentalPrice,EST_PurchasePrice,EST_Animation,HD EST Unavailable,Hold Action,Hold Release Date,Hold Reason,Hold Reason Type,CHVRS Rating,ALID,CID,Series Description,TMS ID,Series (Short),Series (Long),Season (Short),Season (Long),TVE View Start,TVE View End,Affiliate Group,Headend ID,Site Specific View Start,Site Specific View End,UV Start,UV End,EST_Wholesale_Price,Advertiser_Name,Brand,Ad_Id,Ad_Description,Copyright,Ad_Content_ID,Series_Banner_Lrg,Series_Banner_Small,Series_Thumbnail,Episode_Banner_Lrg,Canadian_Content,Descriptive_Video,MultiplatformRights,MultiplatformRights,Multiplatform Rights Mobile,Multiplatform Rights Mobile,Multiplatform Rights Mobile,Multiplatform Rights Mobile,Multiplatform Rights Mobile,Multiplatform Rights Mobile,Multiplatform Rights Mobile,Multiplatform Rights Mobile,Multiplatform Rights Mobile,Multiplatform Rights Mobile,Multiplatform Rights Mobile,Multiplatform Rights Mobile,Multiplatform Rights Mobile,Multiplatform Rights Mobile,Multiplatform Rights Mobile,Multiplatform Rights Mobile,Multiplatform Right Nscreen,Multiplatform Right Nscreen,Multiplatform Right Nscreen,Multiplatform Right Nscreen,Multiplatform Right Nscreen,Multiplatform Right Nscreen,Multiplatform Right Nscreen,Multiplatform Right Nscreen,Multiplatform Right Nscreen,Multiplatform Right Nscreen,Multiplatform Right Nscreen,Multiplatform Right Nscreen,Multiplatform Right Nscreen,Multiplatform Right Nscreen,Multiplatform Right Nscreen,MultiplatformRights - DTH,MultiplatformRights - DTH,MultiplatformRights - DTH,MultiplatformRights - DTH,MultiplatformRights - DTH,MultiplatformRights - DTH,MultiplatformRights - Web,MultiplatformRights - Web,MultiplatformRights - Web,MultiplatformRights - Web,MultiplatformRights - Web,MultiplatformRights - IPTV,MultiplatformRights - IPTV,TMS_Root_ID,Content_Type,TMS_Series_ID,TMS_Episode_ID,Cue_Points,NielsenClientID,NielsenVideoCensus,NielsenCensusCategoryID,ComscoreID,ManifestID,Poster4_Art_Asset_ID,Poster4_Art_File_Name,Poster4_Content_FileSize,Poster4_Content_CheckSum,Poster4_Source_File_Name,Historical_PAID,SD_Purchase_Window_Start,SD_Purchase_Window_End,SD_Purchase_Price,SD_Purchase_Settlement_Tier,SD_Rental_Window_Start,SD_Rental_Window_End,SD_Rental_Price,SD_Rental_Settlement_Tier,SD_EST_Wholesale_Price,Poster5_Art_Asset_ID,Poster5_Art_File_Name,Poster5_Content_FileSize,Poster5_Content_CheckSum,Poster5_Source_File_Name,Poster6_Art_Asset_ID,Poster6_Art_File_Name,Poster6_Content_FileSize,Poster6_Content_CheckSum,Poster6_Source_File_Name,Poster7_Art_Asset_ID,Poster7_Art_File_Name,Poster7_Content_FileSize,Poster7_Content_CheckSum,Poster7_Source_File_Name,Poster8_Art_Asset_ID,Poster8_Art_File_Name,Poster8_Content_FileSize,Poster8_Content_CheckSum,Poster8_Source_File_Name,Poster9_Art_Asset_ID,Poster9_Art_File_Name,Poster9_Content_FileSize,Poster9_Content_CheckSum,Poster9_Source_File_Name
Required / Optional,Required,Required,Required,Required,Required,Required,Required,Optional,Optional,Optional,Optional,Required,Required,Required,Required,Required,Required,Required,Required,Required,Required,Recommended,Required,Optional,Required,Required,Optional,Optional,Required,Required,Required,Required,Optional,Optional,Optional,Optional,Optional,Optional,Required,Required,Optional,Optional,Optional,Optional,Optional,Optional,Optional,Optional,Optional,Optional,Optional,Optional,Optional,Optional,Optional,Optional,Optional,Optional,Optional,,,,,,,,,,,Optional,Optional,Optional,Optional,Optional,Optional,Optional,Optional,Optional,Optional,Optional,Optional,Optional,Optional,Optional,Required,HD - Required,Optional,Required,Required,Required,Required,Required,Required,Required,Required,Required,Optional,Required,Required,Required,Required,Required,Required,Required,Required,Required,Optional,Required,Required,Required,Required,Required,Required,Required,Required,Required,Optional,Required,Required,Required,Required,Required,Required,Required,Required,Optional,Required,Optional,Optional,Optional,Optional,Optional,Optional,Optional,Optional,Optional,Optional,Optional,Optional,Optional,Optional,Optional,Optional,Optional,Optional,Optional,Optional,Optional,Optional,Optional,Optional,Optional,Optional,Optional,,,,,,,,,,,,,,,,Optional,Optional,Optional,Optional,Optional,Optional,Optional,Optional,Optional,Optional,Optional,Optional,Optional,Optional,Optional,Optional,Optional,Optional,Optional,Optional,Optional,Optional,Optional,Optional,Optional,Optional,Optional,Optional,Optional,Optional,Optional,Optional,Optional,Optional,Optional,Optional,Optional,Optional,Optional,Optional,Optional,Optional,Optional,Optional,Optional,Optional,Optional,Optional,Optional,Optional,Optional,Optional,Optional,Optional,Optional,Optional,Optional,Optional,Optional,Optional,Optional,Optional,Optional,Optional,Optional,Optional,Optional,Optional,Optional,Optional,Optional,Optional,Optional,Optional,Optional,Optional,Optional,Optional,Optional,Optional,Optional,Optional,Optional,Optional,Optional,Optional,Optional,Optional,Optional,Optional,Optional,Optional,Optional,Optional,Optional,Optional,Optional,Optional,Optional,Optional,Optional,Optional,Optional,Optional,Optional,Optional,Optional,Optional,Optional,Optional,Optional,Optional,Optional,Optional,Optional,Optional,Optional,Optional,Optional,Optional,Optional,Optional,Optional,Optional,Optional,Optional,Optional,Optional,Optional,Optional,Optional,Optional,Optional,Optional,Optional,Optional,Optional,Optional,Optional,Optional,Optional,Optional,Optional,Optional,Optional,Optional,Optional,Optional,Optional,Optional,Optional,Optional,Optional,Optional,Optional,Optional
Sample Data,Add,4/1/2005,Licensing_Window_Start,MTP,ATVN,atvnprogramming.com,Your Name,DIY,DIY,ATVN MOVIES,ATVN,1/1/2005,PCKG1230000000000000,TITL1230000000000000,MOVE1230000000000000,PRVW1230000000000000,PRVW1230000000000000,POST1230000000000000,BOXX1230000000000000,ATVN_EVENT_10,The Titanic Featuring Leonardo DiCaprio with Bonus Material,The Titanic with Bonus Material,The Titanic w/Bonus,"Titanic, The",10/31/2004 12:00,12/15/2004 23:59,Fictional romantic tale of a rich girl and poor boy who meet on the ill-fated voyage of the 'unsinkable' ship. ,Fictional romantic tale of a rich girl and poor boy who meet on the ill-fated voyage of the 'unsinkable' ship. ,Fictional romantic tale of a rich girl and poor boy who meet on the ill-fated voyage of the 'unsinkable' ship.,Movies/Movies A-Z;Movies/Drama,Action;Drama;Family;Adventure,PG-13,D,Fantasy_Violence,Dialogue,Language,Sexual_Content,Violence,2.95,2004,31000000,Buena Vista,"12345 
- OR -
AT123","Dicaprio, Leonardo; Winslet, Kate",Starring Leonardo DiCaprio and Kate Winslet,"Cameron, James","Cameron, James",James Cameron,Bob Marley,series,537692,Titanic:  The Sinking,205,10/1/2005,The Simpsons,2,Buffalo Soldier,en,,,,,,,,,,,CONCAT#1,CONCAT#2,V;AL,Violence,Language,Adult_Content,Sexual_Content,Nudity,Rape,N,3,2:00:00 AM,Y,Y,,,Y,Dolby Digital,N,3,1:30:45,1:31,titanic_04162007_movie.mpg,1283160912,9c5b5f1d22b1bc72d4b366cde867dfc5,720p,24,AVC MP@L42,3750 or 15000,FF,Digibeta_Tape_MPEG2_SD,0:00:30,titanic_04162007_promo.mpg,28091524,b9bff8a190ca83cea6bb50941e788cb2,720p,24,AVC MP@L42,3750 or 15000,FF,DVD_MPEG2_HD,0:00:30,titanic_04162007_promo2.mpg,28091524,b9bff8a190ca83cea6bb50941e788cb2,720p,24,AVC MP@L42,3750 or 15000,FF,FTP_PUSH_MPEG2_SD,titanic_04162007_poster.bmp,230456,3954f15e174d742391f853105e9999d1,titanic_04162007_boxcover.jpg,230456,3954f15e174d742391f853105e9999d1,Y,KEEP,<=12 hrs,3,Blue_Valentine_HD_05102011_USA_movie_CC_1.mpg,Blue_Valentine_HD_05102011_USA_tr_1.mpg,Blue_Valentine_1000x500.png,POST1230000000000000,titanic_04162007_poster.bmp,230456,3954f15e174d742391f853105e9999d1,JPEG,MPEG,(E) SD 1.33 - 4X3,TV News,AMG,2,1,432081,AMG,,Long Form,12/1/2011 10:30,"00:09:43,00:16:46,00:23:08,00:32:39,00:37:40,00:42:31","00:09:47,00:16:49,00:23:11,00:32:42,00:37:43",10.5240/A469-8529-9859-D756-C0FF-M,Blue_Valentine_HD_05102011_USA_trl_CC_1.mpg,Blue_Valentine_HD_05102011_USA_boxcover_CC_1.jpg,Blue_Valentine_HD_05102011_USA_post3_CC_1.bmp,,,,,,,,,,,,,,,,,Y,5/20/2014,5/20/2014,$1.00 ,Y,Y,License Unavailable,1/1/2012,1/1/2012,"VODSD,VODHD",VODSD,TVNX0102201200005001,"VODSD,VODHD,PCSD",12,tvn.comTVNX0102201200000001,EST Tier 1,RENTAL Tier 1,1/1/2012,1/1/2012,1/1/2012,1/1/2012,3.99,14.99,Y,Y,Hold,4/1/2014 9:15,Due to legal reasons,Business," G, PG, 14A, 18A, R",urn:dece:alid:eidr-s:DE41-C4EE-D44D-E3B9-6A2F-5,urn:dece:cid:org:WB:2000018x6000026929,"The beginning of the end to television's most celebrated show is upon us as the first half of Mad Men's final season returns to AMC. From creator, writer, director and executive producer Matthew Weiner, the series continues to follow iconic ad man Don Draper, his colleagues and family. Don't miss new episodes of the award-winning series Sundays at 10/9c on AMC.",SH006883590000,The beginning of the end to television's most celebrated show is upon us. The first half of Mad Men's final season airs on AMC Sundays 10/9c on AMC.,"The beginning of the end to television's most celebrated show is upon us as the first half of Mad Men's final season returns to AMC. From creator, writer, director and executive producer Matthew Weiner, the series continues to follow iconic ad man Don Draper, his colleagues and family. Don't miss new episodes of the award-winning series Sundays at 10/9c on AMC.",The beginning of the end to television's most celebrated show is upon us. The first half of Mad Men's final season returns to AMC April 13 10/9c.,"The beginning of the end to television's most celebrated show is upon us as the first half of Mad Men's final season returns to AMC. From creator, writer, director and executive producer Matthew Weiner, the series continues to follow iconic ad man Don Draper, his colleagues and family. The award-winning series returns Sunday April 13 at 10/9c on AMC.",8/10/2014 10:15,9/10/2014 21:00,AffiliateGroup1;AffiliateGroup2,230;235,8/10/2014 10:15,8/10/2014 10:15,2/10/2014 10:15,3/10/2014 10:15,3.5,[Advertiser_Name],[Brand],[Ad_Id],[Ad_Description],Copyright,[Ad_Content_ID],[Series_Banner_Lrg],[Series_Banner_Small],[Series_Thumbnail],[Episode_Banner_Lrg],[Canadian_Content],[Descriptive_Video],[Rights_Delivery_Platforms],[Rights_Customer_Type],[Mobile_Rights_MobileOperator],[Mobile_Rights_Roaming_Allowed],[Mobile_Rights_Devices_Allowed],[Mobile_Rights_Devices_NotAllowed],[Mobile_Rights_Platforms_Allowed],[Mobile_Rights_Platforms_NotAllowed],[Mobile_Rights_Networks_Allowed],[Mobile_Rights_Delivery_Type],[Mobile_Rights_Locations_Allowed],[Mobile_Rights_Concurrent_Streams_Allowed],[Mobile_Rights_Outputs_Restricted],[Mobile_Rights_TrickPlay_Restricted],[Mobile_Rights_ScreenFormat],[Mobile_Rights_NumberOfDevices],[Mobile_Override_Licensing_Window_Start],[Mobile_Override_Licensing_Window_End],[Nscreen_Rights_Devices_Allowed],[Nscreen_Rights_Devices_NotAllowed],[Nscreen_Rights_Platforms_Allowed],[Nscreen_Rights_Platforms_NotAllowed],[Nscreen_Rights_Networks_Allowed],[Nscreen_Rights_Delivery_Type],[Nscreen_Rights_Locations_Allowed],[NscreenRights_Concurrent_Streams_Allowed_Outofhome],[Nscreen_Rights_Concurrent_Streams_Allowed_Inhome],[Nscreen_Rights_Outputs_Restricted],[Nscreen_Rights_TrickPlay_Restricted],[Nscreen_Rights_ScreenFormat],[Nscreen_Rights_NumberOfDevices],[Nscreen_Override_Licensing_Window_Start],[Nscreen_Override_Licensing_Window_End],[DTH_Rights_Concurrent_Streams_Allowed],[DTH_Rights_TrickPlay_Restricted],[DTH_Rights_ScreenFormat],[DTH_Rights_NumberOfDevices],[DTH_Override_Licensing_Window_Start],[DTH_Override_Licensing_Window_End],[Web_Rights_Concurrent_Streams_Allowed],[Web_Rights_TrickPlay_Restricted],[Web_Rights_ScreenFormat],[Web_Override_Licensing_Window_Start],[Web_Override_Licensing_Window_End],[IPTV_Override_Licensing_Window_Start],[IPTV_Override_Licensing_Window_End],[TMS_Root_ID],[Content_Type],[TMS_Series_ID],[TMS_Episode_ID],[Cue_Points],[NielsenClientID],[NielsenVideoCensus],[NielsenCensusCategoryID],[ComscoreID],,POST1230000000000000,titanic_04162007_poster.bmp,230456,3954f15e174d742391f853105e9999d1,Blue_Valentine_HD_05102011_USA_post3_CC_1.bmp,[Historical_PAID],[SD_Purchase_Window_Start],[SD_Purchase_Window_End],[SD_Purchase_Price],[SD_Purchase_Settlement_Tier],[SD_Rental_Window_Start],[SD_Rental_Window_End],[SD_Rental_Price],[SD_Rental_Settlement_Tier],[SD_EST_Wholesale_Price],POST1230000000000000,titanic_04162007_poster.bmp,230456,3954f15e174d742391f853105e9999d1,Blue_Valentine_HD_05102011_USA_post3_CC_1.bmp,POST1230000000000000,titanic_04162007_poster.bmp,230456,3954f15e174d742391f853105e9999d1,Blue_Valentine_HD_05102011_USA_post3_CC_1.bmp,POST1230000000000000,titanic_04162007_poster.bmp,230456,3954f15e174d742391f853105e9999d1,Blue_Valentine_HD_05102011_USA_post3_CC_1.bmp,POST1230000000000000,titanic_04162007_poster.bmp,230456,3954f15e174d742391f853105e9999d1,Blue_Valentine_HD_05102011_USA_post3_CC_1.bmp,POST1230000000000000,titanic_04162007_poster.bmp,230456,3954f15e174d742391f853105e9999d1,Blue_Valentine_HD_05102011_USA_post3_CC_1.bmp
Validate String Length,,,,,,,,,,,,,,,,,,,,,,,,,,,,,,,,,,,,,,,,,,,,,,,,,,,,,,,,,,,,,,,,,,,,,,,,,,,,,,,,,,,,,,,,,,,,,,,,,,,,,,,,,,,,,,,,,,,,,,,,,,,,,,,,,,,,,,,,,,,,,,,,,,,,,,,,,,,,,,,,,,,,,,,,,,,,,,,,,,,,,,,,,,,,,,,,,,,,,,,,,,,,,,,,,,,,,,,,,,,,,,,,,,,,,,,,,,,,,,,,,,,,,,,,,,,,,,,,,,,,,,,,,,,,,,,,,,,,,,,,,,,,,,,,,,,,,,,,,,,,,,,,,,,,,,,,,,,,,,,,,,,,,
Current Value Length,,,,,,,,,,,,,,,,,,,,,,,,,,,,,,,,,,,,,,,,,,,,,,,,,,,,,,,,,,,,,,,,,,,,,,,,,,,,,,,,,,,,,,,,,,,,,,,,,,,,,,,,,,,,,,,,,,,,,,,,,,,,,,,,,,,,,,,,,,,,,,,,,,,,,,,,,,,,,,,,,,,,,,,,,,,,,,,,,,,,,,,,,,,,,,,,,,,,,,,,,,,,,,,,,,,,,,,,,,,,,,,,,,,,,,,,,,,,,,,,,,,,,,,,,,,,,,,,,,,,,,,,,,,,,,,,,,,,,,,,,,,,,,,,,,,,,,,,,,,,,,,,,,,,,,,,,,,,,,,,,,,,,
,Add,1/19/2018,,FULL,FUSE,FUSE.TV,jdibella@fuse.tv,,,,,1/19/2018 0:00,FUSE0000000000013680,FUSE0100000000013680,FUSE0200000000013680,,,FUSE0400000000013680,FUSE0500000000013680,FUSE_20_HD,"Scrubs: S01E16 ""My Heavy Meddle"" (HD)",Scrubs: S01E16 (HD),Scrubs: S01E16 (HD),Scrubs: S01E16 (HD),2/5/2018,3/4/2018,"Scrubs: S01E16 ""My Heavy Meddle"" When a rampaging Dr. Cox suddenly shows up at his door in a strange funk, J.D. sees a possibility of a breakthrough in their relationship -- until he learns that Cox loses control in almost an annual rite. Meanwhile, Turk elects to partner with Elliot on a research project so that he can maneuver her back with his buddy J.D., and Carla struggles to fulfill a comatose patient's final request -- playing heavy metal music in his room. (fuse) HD TV set top box required","Scrubs: S01E16 ""My Heavy Meddle"" When a rampaging Dr. Cox suddenly shows up at his door in a strange funk, J.D. sees a possibility of a breakthrough in their relationship -- until he learns that Cox loses control in almost an annual rite. Meanwhile, Turk elects to partner with Elliot on a research project so that he can maneuver her back with his buddy J.D., and Carla struggles to fulfill a comatose patient's final request -- playing heavy metal music in his room. (fuse) HD TV set top box required","Scrubs: S01E16 ""My Heavy Meddle"" When a rampaging Dr. Cox suddenly shows up at his door in a strange funk, J.D. sees a possibility of a breakthrough in their relationship. (fuse) HD TV set top box required",FUSE/Scrubs,Comedy,TV-14,,,,,,,0,2018,,FUSE MEDIA,,,,,,,,,16,"""My Heavy Meddle""",,,Scrubs,1,,,,,,,,,,,,,,,,,,,,,,N,,,,,,,Y,Stereo,Y,,0:25:00,0:25,FUSE0200000000013680.mpg,,,1080p,30,MPEG2,,,FTP_MPEG2_HD,,,,,,,,,,,,,,,,,,,,,FUSE0400000000013680.bmp,,,FUSE0500000000013680.jpg,,,N,,,,,,,,,,,,,,,,,,,,,,,,,,,,,,,,,,,,,,,,,,,,,,,,,,,,,,,,,,,,,,,,,,,,,,,,,,,,,,,,,,,,,,,,,,,,,,,,,,,,,,,,,,,,,,,,,,,,,,,,,,,,,,,,,,,,,,,,,,,,,,,,,,,,,,,,,,,,,,,,,,,,,,,,,,,,,,,,,,,,,,,,,,,,,,,,,,,,,,,
,Add,1/19/2018,,FULL,FUSE,FUSE.TV,jdibella@fuse.tv,,,,,1/19/2018 0:00,FUSE0000000000013681,FUSE0100000000013681,FUSE0200000000013681,,,FUSE0400000000013681,FUSE0500000000013681,FUSE_20_HD,"Scrubs: S01E17 ""My Student"" (HD)",Scrubs: S01E17 (HD),Scrubs: S01E17 (HD),Scrubs: S01E17 (HD),2/5/2018,3/4/2018,"Scrubs: S01E17 ""My Student"" J.D., Elliot and Turk are receiving their first medical students, and now they finally get a chance to see what it feels like to be on the other side. Elliot can't wait to unleash all her medical student frustration on her intern. She starts off tough with her rude and annoying student, but softens after learning he is the son of the CEO of the corporation that owns the hospital. It takes Dr. Kelso to open her eyes and show her that she doesn't have to kiss his ass for Elliot to get tough again. Turk's student is a very attractive young woman, for whom Dr. Cox is immediately attracted to. But he doesn't know his way around women (specially when he's getting over Carla), and needs Turk to give him a little help. And J.D.'s student carries a lot of resemblances to J.D. when he first started. J.D. doesn't know how to handle him, and tired of cleaning up after him, J.D. tells Josh that he shouldn't be a doctor. Josh quits the program, and J.D. has to pull a Dr. Cox-esque persona to encourage him through negative reinforcement. (fuse) HD TV set top box required","Scrubs: S01E17 ""My Student"" J.D., Elliot and Turk are receiving their first medical students, and now they finally get a chance to see what it feels like to be on the other side. Elliot can't wait to unleash all her medical student frustration on her intern. She starts off tough with her rude and annoying student, but softens after learning he is the son of the CEO of the corporation that owns the hospital. It takes Dr. Kelso to open her eyes and show her that she doesn't have to kiss his ass for Elliot to get tough again. Turk's student is a very attractive young woman, for whom Dr. Cox is immediately attracted to. But he doesn't know his way around women (specially when he's getting over Carla), and needs Turk to give him a little help. And J.D.'s student carries a lot of resemblances to J.D. when he first started. J.D. doesn't know how to handle him, and tired of cleaning up after him, J.D. tells Josh that he shouldn't be a doctor. (fuse) HD TV set top box required","Scrubs: S01E17 ""My Student"" J.D., Elliot and Turk are receiving their first medical students, and now they finally get a chance to see what it feels like to be on the other side. (fuse) HD TV set top box required",FUSE/Scrubs,Comedy,TV-14,,,,,,,0,2018,,FUSE MEDIA,,,,,,,,,17,"""My Student""",,,Scrubs,1,,,,,,,,,,,,,,,,,,,,,,N,,,,,,,Y,Stereo,Y,,0:25:00,0:25,FUSE0200000000013681.mpg,,,1080p,30,MPEG2,,,FTP_MPEG2_HD,,,,,,,,,,,,,,,,,,,,,FUSE0400000000013681.bmp,,,FUSE0500000000013681.jpg,,,N,,,,,,,,,,,,,,,,,,,,,,,,,,,,,,,,,,,,,,,,,,,,,,,,,,,,,,,,,,,,,,,,,,,,,,,,,,,,,,,,,,,,,,,,,,,,,,,,,,,,,,,,,,,,,,,,,,,,,,,,,,,,,,,,,,,,,,,,,,,,,,,,,,,,,,,,,,,,,,,,,,,,,,,,,,,,,,,,,,,,,,,,,,,,,,,,,,,,,,,
,Add,1/19/2018,,FULL,FUSE,FUSE.TV,jdibella@fuse.tv,,,,,1/19/2018 0:00,FUSE0000000000013682,FUSE0100000000013682,FUSE0200000000013682,,,FUSE0400000000013682,FUSE0500000000013682,FUSE_20_HD,"Scrubs: S01E18 ""My Tuscaloosa Heart"" (HD)",Scrubs: S01E18 (HD),Scrubs: S01E18 (HD),Scrubs: S01E18 (HD),2/5/2018,3/4/2018,"Scrubs: S01E18 ""My Tuscaloosa Heart"" J.D. has a patient who's rude to him and the nurses, and eventually dies from cancer. J.D. feels awful for not giving him his full attention and worries maybe he could have saved the guy if he was nicer to him, even though that's not true. Meanwhile, Elliot is convinced that Dr. Kelso is the one singing a song called ""Tuscaloosa Heart"" in a tape given to her by a patient who claims he went to college with Bob. And Dr. Cox finds himself trapped into a love square: he's falling in love with Kristen Murphy, his intern, just as his ex-wife reappears demanding sex ? and he can't avoid her ? and there's also his crush on Carla, which made him stand Kristen up. When she finds out about the other women, she leaves him, and Perry Cox is once again at mercy of his ex-wife Jordan. (fuse) HD TV set top box required","Scrubs: S01E18 ""My Tuscaloosa Heart"" J.D. has a patient who's rude to him and the nurses, and eventually dies from cancer. J.D. feels awful for not giving him his full attention and worries maybe he could have saved the guy if he was nicer to him, even though that's not true. Meanwhile, Elliot is convinced that Dr. Kelso is the one singing a song called ""Tuscaloosa Heart"" in a tape given to her by a patient who claims he went to college with Bob. And Dr. Cox finds himself trapped into a love square: he's falling in love with Kristen Murphy, his intern, just as his ex-wife reappears demanding sex ? and he can't avoid her ? and there's also his crush on Carla, which made him stand Kristen up. When she finds out about the other women, she leaves him, and Perry Cox is once again at mercy of his ex-wife Jordan. (fuse) HD TV set top box required","Scrubs: S01E18 ""My Tuscaloosa Heart"" J.D. has a patient who's rude to him and the nurses, and eventually dies from cancer. (fuse) HD TV set top box required",FUSE/Scrubs,Comedy,TV-14,,,,,,,0,2018,,FUSE MEDIA,,,,,,,,,18,"""My Tuscaloosa Heart""",,,Scrubs,1,,,,,,,,,,,,,,,,,,,,,,N,,,,,,,Y,Stereo,Y,,0:25:00,0:25,FUSE0200000000013682.mpg,,,1080p,30,MPEG2,,,FTP_MPEG2_HD,,,,,,,,,,,,,,,,,,,,,FUSE0400000000013682.bmp,,,FUSE0500000000013682.jpg,,,N,,,,,,,,,,,,,,,,,,,,,,,,,,,,,,,,,,,,,,,,,,,,,,,,,,,,,,,,,,,,,,,,,,,,,,,,,,,,,,,,,,,,,,,,,,,,,,,,,,,,,,,,,,,,,,,,,,,,,,,,,,,,,,,,,,,,,,,,,,,,,,,,,,,,,,,,,,,,,,,,,,,,,,,,,,,,,,,,,,,,,,,,,,,,,,,,,,,,,,,
,Add,1/19/2018,,FULL,FUSE,FUSE.TV,jdibella@fuse.tv,,,,,1/19/2018 0:00,FUSE0000000000013683,FUSE0100000000013683,FUSE0200000000013683,,,FUSE0400000000013683,FUSE0500000000013683,FUSE_20_HD,"Scrubs: S01E19 ""My Old Man"" (HD)",Scrubs: S01E19 (HD),Scrubs: S01E19 (HD),Scrubs: S01E19 (HD),2/5/2018,3/4/2018,"Scrubs: S01E19 ""My Old Man"" An assortment of moms and dads descend on their offspring at home and in the workplace. J.D.'s father is a gregarious yet lonely divorc‚ who's desperately trying to be just one of the guys. Elliot's folks, on the other hand, are a snooty couple whose pompous behavior dismays their daughter. Similarly rattled is Turk, unnerved by the bonding of his girlfriend, Carla, and his brassy mother. But the most vexatious parent by far is the janitor's dad. (fuse) HD TV set top box required","Scrubs: S01E19 ""My Old Man"" An assortment of moms and dads descend on their offspring at home and in the workplace. J.D.'s father is a gregarious yet lonely divorc‚ who's desperately trying to be just one of the guys. Elliot's folks, on the other hand, are a snooty couple whose pompous behavior dismays their daughter. Similarly rattled is Turk, unnerved by the bonding of his girlfriend, Carla, and his brassy mother. But the most vexatious parent by far is the janitor's dad. (fuse) HD TV set top box required","Scrubs: S01E19 ""My Old Man"" An assortment of moms and dads descend on their offspring at home and in the workplace. J.D.'s father is a gregarious yet lonely divorc‚ who's desperately trying to be just one of the guys. (fuse) HD TV set top box required",FUSE/Scrubs,Comedy,TV-14,,,,,,,0,2018,,FUSE MEDIA,,,,,,,,,19,"""My Old Man""",,,Scrubs,1,,,,,,,,,,,,,,,,,,,,,,N,,,,,,,Y,Stereo,Y,,0:25:00,0:25,FUSE0200000000013683.mpg,,,1080p,30,MPEG2,,,FTP_MPEG2_HD,,,,,,,,,,,,,,,,,,,,,FUSE0400000000013683.bmp,,,FUSE0500000000013683.jpg,,,N,,,,,,,,,,,,,,,,,,,,,,,,,,,,,,,,,,,,,,,,,,,,,,,,,,,,,,,,,,,,,,,,,,,,,,,,,,,,,,,,,,,,,,,,,,,,,,,,,,,,,,,,,,,,,,,,,,,,,,,,,,,,,,,,,,,,,,,,,,,,,,,,,,,,,,,,,,,,,,,,,,,,,,,,,,,,,,,,,,,,,,,,,,,,,,,,,,,,,,,
,Add,1/19/2018,,FULL,FUSE,FUSE.TV,jdibella@fuse.tv,,,,,1/19/2018 0:00,FUSE0000000000013684,FUSE0100000000013684,FUSE0200000000013684,,,FUSE0400000000013684,FUSE0500000000013684,FUSE_20_HD,"Scrubs: S01E20 ""My Way or the Highway"" (HD)",Scrubs: S01E20 (HD),Scrubs: S01E20 (HD),Scrubs: S01E20 (HD),2/5/2018,3/4/2018,"Scrubs: S01E20 ""My Way or the Highway"" Turk's competitiveness is starting to annoy J.D., especially when it crosses the line of personal jokes and becomes patient matters (whether or not a patient should go into surgery is their latest feud). Meanwhile, Dr. Cox finally has a taste of good coffee, but thanks to his feud with Dr. Kelso, the only nurse who was able to make it gets fired. It takes a public apology from Dr. Cox for Dr. Kelso to go back on his decision and bring back ""coffee nurse"". And Elliot meets a very attractive patient whom she instantly identifies, but has a really hard time getting him to ask her out. (fuse) HD TV set top box required","Scrubs: S01E20 ""My Way or the Highway"" Turk's competitiveness is starting to annoy J.D., especially when it crosses the line of personal jokes and becomes patient matters (whether or not a patient should go into surgery is their latest feud). Meanwhile, Dr. Cox finally has a taste of good coffee, but thanks to his feud with Dr. Kelso, the only nurse who was able to make it gets fired. It takes a public apology from Dr. Cox for Dr. Kelso to go back on his decision and bring back ""coffee nurse"". And Elliot meets a very attractive patient whom she instantly identifies, but has a really hard time getting him to ask her out. (fuse) HD TV set top box required","Scrubs: S01E20 ""My Way or the Highway"" Turk's competitiveness is starting to annoy J.D., especially when it crosses the line of personal jokes and becomes patient matters. (fuse) HD TV set top box required",FUSE/Scrubs,Comedy,TV-14,,,,,,,0,2018,,FUSE MEDIA,,,,,,,,,20,"""My Way or the Highway""",,,Scrubs,1,,,,,,,,,,,,,,,,,,,,,,N,,,,,,,Y,Stereo,Y,,0:25:00,0:25,FUSE0200000000013684.mpg,,,1080p,30,MPEG2,,,FTP_MPEG2_HD,,,,,,,,,,,,,,,,,,,,,FUSE0400000000013684.bmp,,,FUSE0500000000013684.jpg,,,N,,,,,,,,,,,,,,,,,,,,,,,,,,,,,,,,,,,,,,,,,,,,,,,,,,,,,,,,,,,,,,,,,,,,,,,,,,,,,,,,,,,,,,,,,,,,,,,,,,,,,,,,,,,,,,,,,,,,,,,,,,,,,,,,,,,,,,,,,,,,,,,,,,,,,,,,,,,,,,,,,,,,,,,,,,,,,,,,,,,,,,,,,,,,,,,,,,,,,,,
,Add,1/19/2018,,FULL,FUSE,FUSE.TV,jdibella@fuse.tv,,,,,1/19/2018 0:00,FUSE0000000000013685,FUSE0100000000013685,FUSE0200000000013685,,,FUSE0400000000013685,FUSE0500000000013685,FUSE_20_HD,Cradle 2 The Grave HD,Cradle 2 The Grave HD,Cradle 2 HD,Cradle 2 HD,2/19/2018,2/25/2018,"Cradle 2 The Grave A jewel thief's daughter is kidnapped after he steals a collection of prized black diamonds, which aren't at all what they seem. (fuse) HD TV set top box required","Cradle 2 The Grave A jewel thief's daughter is kidnapped after he steals a collection of prized black diamonds, which aren't at all what they seem. (fuse) HD TV set top box required",Cradle 2 The Grave A jewel thief's daughter is kidnapped (fuse) HD TV set top box required,FUSE/Movies,Movies,TV-14,,,,,,,0,2018,,FUSE MEDIA,,"Li, Jet; DMX",Starring Jet Li and DMX,,,,,,,,,,,,,,,,,,,,,,,,,,,,,,,,,N,,,,,,,Y,Stereo,Y,,1:43:00,1:43,FUSE0200000000013685.mpg,,,1080p,30,MPEG2,,,FTP_MPEG2_HD,,,,,,,,,,,,,,,,,,,,,FUSE0400000000013685.bmp,,,FUSE0500000000013685.jpg,,,N,,,,,,,,,,,,,,,,,,,,,,,,,,,,,,,,,,,,,,,,,,,,,,,,,,,,,,,,,,,,,,,,,,,,,,,,,,,,,,,,,,,,,,,,,,,,,,,,,,,,,,,,,,,,,,,,,,,,,,,,,,,,,,,,,,,,,,,,,,,,,,,,,,,,,,,,,,,,,,,,,,,,,,,,,,,,,,,,,,,,,,,,,,,,,,,,,,,,,,,
,Add,1/19/2018,,FULL,FUSE,FUSE.TV,jdibella@fuse.tv,,,,,1/19/2018 0:00,FUSE0000000000013686,FUSE0100000000013686,FUSE0200000000013686,,,FUSE0400000000013686,FUSE0500000000013686,FUSE_20_HD,Thirteen Ghosts HD,Thirteen Ghosts HD,Thirteen Ghosts HD,Thirteen Ghosts HD,2/12/2018,2/18/2018,"Thirteen Ghosts When Cyrus Kriticos, a very rich collector of unique things dies, he leaves it all to his nephew and his family. All including his house, his fortune, and his malicious collection of ghosts! (fuse) HD TV set top box required","Thirteen Ghosts When Cyrus Kriticos, a very rich collector of unique things dies, he leaves it all to his nephew and his family. All including his house, his fortune, and his malicious collection of ghosts! (fuse) HD TV set top box required",Thirteen Ghosts (fuse) HD TV set top box required,FUSE/Movies,Movies,TV-14,,,,,,,0,2018,,FUSE MEDIA,,"Shalhoub, Tony; Lillard, Matthew; Elizabeth, Shannon ","Starring Tony Shalhoub, Matthew Lillard, and Shannon Elizabeth ",,,,,,,,,,,,,,,,,,,,,,,,,,,,,,,,,N,,,,,,,Y,Stereo,Y,,1:22:00,1:22,FUSE0200000000013686.mpg,,,1080p,30,MPEG2,,,FTP_MPEG2_HD,,,,,,,,,,,,,,,,,,,,,FUSE0400000000013686.bmp,,,FUSE0500000000013686.jpg,,,N,,,,,,,,,,,,,,,,,,,,,,,,,,,,,,,,,,,,,,,,,,,,,,,,,,,,,,,,,,,,,,,,,,,,,,,,,,,,,,,,,,,,,,,,,,,,,,,,,,,,,,,,,,,,,,,,,,,,,,,,,,,,,,,,,,,,,,,,,,,,,,,,,,,,,,,,,,,,,,,,,,,,,,,,,,,,,,,,,,,,,,,,,,,,,,,,,,,,,,,
,Add,1/19/2018,,FULL,FUSE,FUSE.TV,jdibella@fuse.tv,,,,,1/19/2018 0:00,FUSE0000000000013687,FUSE0100000000013687,FUSE0200000000013687,,,FUSE0400000000013687,FUSE0500000000013687,FUSE_20_HD,A Better Life HD,A Better Life HD,A Better Life HD,A Better Life HD,2/6/2018,2/10/2018,A Better Life A gardener in East L.A. struggles to keep his son away from gangs and immigration agents while trying to give his son the opportunities he never had. (fuse) HD TV set top box required,A Better Life A gardener in East L.A. struggles to keep his son away from gangs and immigration agents while trying to give his son the opportunities he never had. (fuse) HD TV set top box required,A Better Life A gardener in East L.A. struggles to keep his son away from gangs (fuse) HD TV set top box required,FUSE/Movies,Movies,TV-14,,,,,,,0,2018,,FUSE MEDIA,,"Bichir, Demian",Starring Demian Bichir,,,,,,,,,,,,,,,,,,,,,,,,,,,,,,,,,N,,,,,,,Y,Stereo,Y,,1:22:00,1:22,FUSE0200000000013687.mpg,,,1080p,30,MPEG2,,,FTP_MPEG2_HD,,,,,,,,,,,,,,,,,,,,,FUSE0400000000013687.bmp,,,FUSE0500000000013687.jpg,,,N,,,,,,,,,,,,,,,,,,,,,,,,,,,,,,,,,,,,,,,,,,,,,,,,,,,,,,,,,,,,,,,,,,,,,,,,,,,,,,,,,,,,,,,,,,,,,,,,,,,,,,,,,,,,,,,,,,,,,,,,,,,,,,,,,,,,,,,,,,,,,,,,,,,,,,,,,,,,,,,,,,,,,,,,,,,,,,,,,,,,,,,,,,,,,,,,,,,,,,,
,Add,1/19/2018,,FULL,FUSE,FUSE.TV,jdibella@fuse.tv,,,,,1/19/2018 0:00,FUSE0000000000013688,FUSE0100000000013688,FUSE0200000000013688,,,FUSE0400000000013688,FUSE0500000000013688,FUSE_20_HD,Music on the HD,Music on the Road HD,Music on the HD,Music on the HD,2/26/2018,3/31/2018,"Music on the RoadÿA guided road trip across the USA exploring the lives and music of young artists from different walks of life who perform in musical styles ranging from beat boxing, to feminist hip hop, to psychedelic rock, and more. (fuse) HD TV set top box required","Music on the RoadÿA guided road trip across the USA exploring the lives and music of young artists from different walks of life who perform in musical styles ranging from beat boxing, to feminist hip hop, to psychedelic rock, and more. (fuse) HD TV set top box required","Music on the RoadÿA guided road trip across the USA exploring the lives and music of young artists from different walks of life who perform in musical styles ranging from beat boxing, to feminist hip hop, and more. (fuse) HD TV set top box required",FUSE/Movies,Movies,TV-14,,,,,,,0,2018,,FUSE MEDIA,,,,,,,,,,,,,,,,,,,,,,,,,,,,,,,,,,,,N,,,,,,,Y,Stereo,Y,,1:02:00,1:02,FUSE0200000000013688.mpg,,,1080p,30,MPEG2,,,FTP_MPEG2_HD,,,,,,,,,,,,,,,,,,,,,FUSE0400000000013688.bmp,,,FUSE0500000000013688.jpg,,,N,,,,,,,,,,,,,,,,,,,,,,,,,,,,,,,,,,,,,,,,,,,,,,,,,,,,,,,,,,,,,,,,,,,,,,,,,,,,,,,,,,,,,,,,,,,,,,,,,,,,,,,,,,,,,,,,,,,,,,,,,,,,,,,,,,,,,,,,,,,,,,,,,,,,,,,,,,,,,,,,,,,,,,,,,,,,,,,,,,,,,,,,,,,,,,,,,,,,,,,
,Add,1/19/2018,,FULL,FUSE,FUSE.TV,jdibella@fuse.tv,,,,,1/19/2018 0:00,FUSE0000000000013689,FUSE0100000000013689,FUSE0200000000013689,,,FUSE0400000000013689,FUSE0500000000013689,FUSE_20_HD,Trivial Takedown: S01E13 Ricky Dillon vs. Lizzo (HD),Trivial Takedown: S01E13 (HD),Trivial Takedown HD,Trivial Takedown HD,2/6/2018,3/11/2018,Trivial Takedown: S01E13 Ricky Dillon vs. Lizzo: Singer Lizzo and YouTube star Ricky Dillon are out to beat the buzzer on the fastest music and pop culture trivia show on the planet. The fun doesn?t stop when these two over-the-top stars battle for victory. (fuse) HD TV set top box required,Trivial Takedown: S01E13 Ricky Dillon vs. Lizzo: Singer Lizzo and YouTube star Ricky Dillon are out to beat the buzzer on the fastest music and pop culture trivia show on the planet. The fun doesn?t stop when these two over-the-top stars battle for victory. (fuse) HD TV set top box required,Trivial Takedown: S01E13 Ricky Dillon vs. Lizzo: Singer Lizzo and YouTube star Ricky Dillon are out to beat the buzzer on the fastest music and pop culture trivia show on the planet. (fuse) HD TV set top box required,FUSE/Trivial Takedown,Comedy,TV-14,,,,,,,0,2018,,FUSE MEDIA,,,,,,,,,13,Ricky Dillon vs. Lizzo,,,Trivial Takedown,1,,,,,,,,,,,,,,,,,,,,,,N,,,,,,,Y,Stereo,Y,,0:22:00,0:22,FUSE0200000000013689.mpg,,,1080p,30,MPEG2,,,FTP_MPEG2_HD,,,,,,,,,,,,,,,,,,,,,FUSE0400000000013689.bmp,,,FUSE0500000000013689.jpg,,,N,,,,,,,,,,,,,,,,,,,,,,,,,,,,,,,,,,,,,,,,,,,,,,,,,,,,,,,,,,,,,,,,,,,,,,,,,,,,,,,,,,,,,,,,,,,,,,,,,,,,,,,,,,,,,,,,,,,,,,,,,,,,,,,,,,,,,,,,,,,,,,,,,,,,,,,,,,,,,,,,,,,,,,,,,,,,,,,,,,,,,,,,,,,,,,,,,,,,,,,
,Add,1/19/2018,,FULL,FUSE,FUSE.TV,jdibella@fuse.tv,,,,,1/19/2018 0:00,FUSE0000000000013690,FUSE0100000000013690,FUSE0200000000013690,,,FUSE0400000000013690,FUSE0500000000013690,FUSE_20_HD,Trivial Takedown: S01E14 Tim Delaghetto vs. Chico Bean (HD),Trivial Takedown: S01E14 (HD),Trivial Takedown HD,Trivial Takedown HD,2/13/2018,3/18/2018,Trivial Takedown: S01E14 Tim Delaghetto vs. Chico Bean: Comedians Chico Bean and Tim DeLaGhetto bring the funny when they put their pop culture and music knowledge to the test. Their fates are sealed when someone is asked to freestyle. (fuse) HD TV set top box required,Trivial Takedown: S01E14 Tim Delaghetto vs. Chico Bean: Comedians Chico Bean and Tim DeLaGhetto bring the funny when they put their pop culture and music knowledge to the test. Their fates are sealed when someone is asked to freestyle. (fuse) HD TV set top box required,Trivial Takedown: S01E14 Tim Delaghetto vs. Chico Bean: Comedians Chico Bean and Tim DeLaGhetto bring the funny when they put their pop culture and music knowledge to the test. (fuse) HD TV set top box required,FUSE/Trivial Takedown,Comedy,TV-14,,,,,,,0,2018,,FUSE MEDIA,,,,,,,,,14,Tim Delaghetto vs. Chico Bean,,,Trivial Takedown,1,,,,,,,,,,,,,,,,,,,,,,N,,,,,,,Y,Stereo,Y,,0:22:00,0:22,FUSE0200000000013690.mpg,,,1080p,30,MPEG2,,,FTP_MPEG2_HD,,,,,,,,,,,,,,,,,,,,,FUSE0400000000013690.bmp,,,FUSE0500000000013690.jpg,,,N,,,,,,,,,,,,,,,,,,,,,,,,,,,,,,,,,,,,,,,,,,,,,,,,,,,,,,,,,,,,,,,,,,,,,,,,,,,,,,,,,,,,,,,,,,,,,,,,,,,,,,,,,,,,,,,,,,,,,,,,,,,,,,,,,,,,,,,,,,,,,,,,,,,,,,,,,,,,,,,,,,,,,,,,,,,,,,,,,,,,,,,,,,,,,,,,,,,,,,,
,Add,1/19/2018,,FULL,FUSE,FUSE.TV,jdibella@fuse.tv,,,,,1/19/2018 0:00,FUSE0000000000013691,FUSE0100000000013691,FUSE0200000000013691,,,FUSE0400000000013691,FUSE0500000000013691,FUSE_20_HD,Trivial Takedown: S01E15 Kingsley vs. Sevyn Streeter (HD),Trivial Takedown: S01E15 (HD),Trivial Takedown HD,Trivial Takedown HD,2/20/2018,3/25/2018,Trivial Takedown: S01E15 Kingsley vs. Sevyn Streeter: Singer Sevyn Streeter and YouTube personality and comedian Kingsley bust a move as they battle it out to become the music and pop culture champion. Things get crazy when they go for the takedown. (fuse) HD TV set top box required,Trivial Takedown: S01E15 Kingsley vs. Sevyn Streeter: Singer Sevyn Streeter and YouTube personality and comedian Kingsley bust a move as they battle it out to become the music and pop culture champion. Things get crazy when they go for the takedown. (fuse) HD TV set top box required,Trivial Takedown: S01E15 Kingsley vs. Sevyn Streeter: Singer Sevyn Streeter and YouTube personality and comedian Kingsley bust a move as they battle it out to become the music and pop culture champion. (fuse) HD TV set top box required,FUSE/Trivial Takedown,Comedy,TV-14,,,,,,,0,2018,,FUSE MEDIA,,,,,,,,,15,Kingsley vs. Sevyn Streeter,,,Trivial Takedown,1,,,,,,,,,,,,,,,,,,,,,,N,,,,,,,Y,Stereo,Y,,0:22:00,0:22,FUSE0200000000013691.mpg,,,1080p,30,MPEG2,,,FTP_MPEG2_HD,,,,,,,,,,,,,,,,,,,,,FUSE0400000000013691.bmp,,,FUSE0500000000013691.jpg,,,N,,,,,,,,,,,,,,,,,,,,,,,,,,,,,,,,,,,,,,,,,,,,,,,,,,,,,,,,,,,,,,,,,,,,,,,,,,,,,,,,,,,,,,,,,,,,,,,,,,,,,,,,,,,,,,,,,,,,,,,,,,,,,,,,,,,,,,,,,,,,,,,,,,,,,,,,,,,,,,,,,,,,,,,,,,,,,,,,,,,,,,,,,,,,,,,,,,,,,,,
,Add,1/19/2018,,FULL,FUSE,FUSE.TV,jdibella@fuse.tv,,,,,1/19/2018 0:00,FUSE0000000000013692,FUSE0100000000013692,FUSE0200000000013692,,,FUSE0400000000013692,FUSE0500000000013692,FUSE_20_HD,Trivial Takedown: S01E16 Ricky Dillon vs. Romeo (HD),Trivial Takedown: S01E16 (HD),Trivial Takedown HD,Trivial Takedown HD,2/27/2018,4/1/2018,"Trivial Takedown: S01E16 Ricky Dillon vs. Romeo: Actor and artist Romeo Miller and YouTube star Ricky Dillon see who kicks ass in an epic music and pop culture trivia battle. It?s a
no-holds barred battle of the buzzer. (fuse) HD TV set top box required","Trivial Takedown: S01E16 Ricky Dillon vs. Romeo: Actor and artist Romeo Miller and YouTube star Ricky Dillon see who kicks ass in an epic music and pop culture trivia battle. It?s a
no-holds barred battle of the buzzer. (fuse) HD TV set top box required",Trivial Takedown: S01E16 Ricky Dillon vs. Romeo: Actor and artist Romeo Miller and YouTube star Ricky Dillon see who kicks ass in an epic music and pop culture trivia battle. (fuse) HD TV set top box required,FUSE/Trivial Takedown,Comedy,TV-14,,,,,,,0,2018,,FUSE MEDIA,,,,,,,,,16,Ricky Dillon vs. Romeo,,,Trivial Takedown,1,,,,,,,,,,,,,,,,,,,,,,N,,,,,,,Y,Stereo,Y,,0:22:00,0:22,FUSE0200000000013692.mpg,,,1080p,30,MPEG2,,,FTP_MPEG2_HD,,,,,,,,,,,,,,,,,,,,,FUSE0400000000013692.bmp,,,FUSE0500000000013692.jpg,,,N,,,,,,,,,,,,,,,,,,,,,,,,,,,,,,,,,,,,,,,,,,,,,,,,,,,,,,,,,,,,,,,,,,,,,,,,,,,,,,,,,,,,,,,,,,,,,,,,,,,,,,,,,,,,,,,,,,,,,,,,,,,,,,,,,,,,,,,,,,,,,,,,,,,,,,,,,,,,,,,,,,,,,,,,,,,,,,,,,,,,,,,,,,,,,,,,,,,,,,,
,Add,1/19/2018,,FULL,FUSE,FUSE.TV,jdibella@fuse.tv,,,,,1/19/2018 0:00,FUSE0000000000013693,FUSE0100000000013693,FUSE0200000000013693,,,FUSE0400000000013693,FUSE0500000000013693,FUSE_20_HD,Resident Evil HD,Resident Evil HD,Resident Evil HD,Resident Evil HD,2/5/2018,2/28/2018,"Resident Evil A special military unit fights a powerful, out-of-control supercomputer and hundreds of scientists who have mutated into flesh-eating creatures after a laboratory accident. (fuse) HD TV set top box required","Resident Evil A special military unit fights a powerful, out-of-control supercomputer and hundreds of scientists who have mutated into flesh-eating creatures after a laboratory accident. (fuse) HD TV set top box required","Resident Evil A special military unit fights a powerful, out-of-control supercomputer and hundreds of scientists who have mutated into flesh-eating creatures after a laboratory accident. (fuse) HD TV set top box required",FUSE/Movies,Movies,TV-14,,,,,,,0,2018,,FUSE MEDIA,,"Jovovich, Milla; Rodriguez, Michelle",Starring Milla Jovovich and Michelle Rodriguez,,,,,,,,,,,,,,,,,,,,,,,,,,,,,,,,,N,,,,,,,Y,Stereo,Y,,1:22:00,1:22,FUSE0200000000013693.mpg,,,1080p,30,MPEG2,,,FTP_MPEG2_HD,,,,,,,,,,,,,,,,,,,,,FUSE0400000000013693.bmp,,,FUSE0500000000013693.jpg,,,N,,,,,,,,,,,,,,,,,,,,,,,,,,,,,,,,,,,,,,,,,,,,,,,,,,,,,,,,,,,,,,,,,,,,,,,,,,,,,,,,,,,,,,,,,,,,,,,,,,,,,,,,,,,,,,,,,,,,,,,,,,,,,,,,,,,,,,,,,,,,,,,,,,,,,,,,,,,,,,,,,,,,,,,,,,,,,,,,,,,,,,,,,,,,,,,,,,,,,,,
,Add,1/19/2018,,FULL,FUSE,FUSE.TV,jdibella@fuse.tv,,,,,1/19/2018 0:00,FUSE0000000000013694,FUSE0100000000013694,FUSE0200000000013694,,,FUSE0400000000013694,FUSE0500000000013694,FUSE_20_HD,Resident Evil: Retribution HD,Resident Evil: Retribution HD,Resident Evil 5 HD,Resident Evil 5 HD,2/5/2018,2/28/2018,Resident Evil: Retribution Alice fights alongside a resistance movement to regain her freedom from an Umbrella Corporation testing facility. (fuse) HD TV set top box required,Resident Evil: Retribution Alice fights alongside a resistance movement to regain her freedom from an Umbrella Corporation testing facility. (fuse) HD TV set top box required,Resident Evil: Retribution Alice fights alongside a resistance movement to regain her freedom from an Umbrella Corporation testing facility. (fuse) HD TV set top box required,FUSE/Movies,Movies,TV-14,,,,,,,0,2018,,FUSE MEDIA,,"Jovovich, Milla; Rodriguez, Michelle",Starring Milla Jovovich and Michelle Rodriguez,,,,,,,,,,,,,,,,,,,,,,,,,,,,,,,,,N,,,,,,,Y,Stereo,Y,,1:22:00,1:22,FUSE0200000000013694.mpg,,,1080p,30,MPEG2,,,FTP_MPEG2_HD,,,,,,,,,,,,,,,,,,,,,FUSE0400000000013694.bmp,,,FUSE0500000000013694.jpg,,,N,,,,,,,,,,,,,,,,,,,,,,,,,,,,,,,,,,,,,,,,,,,,,,,,,,,,,,,,,,,,,,,,,,,,,,,,,,,,,,,,,,,,,,,,,,,,,,,,,,,,,,,,,,,,,,,,,,,,,,,,,,,,,,,,,,,,,,,,,,,,,,,,,,,,,,,,,,,,,,,,,,,,,,,,,,,,,,,,,,,,,,,,,,,,,,,,,,,,,,,
,Add,1/19/2018,,FULL,FUSE,FUSE.TV,jdibella@fuse.tv,,,,,1/19/2018 0:00,FUSE0000000000013695,FUSE0100000000013695,FUSE0200000000013695,,,FUSE0400000000013695,FUSE0500000000013695,FUSE_20_HD,Resident Evil: Apocalypse HD,Resident Evil: Apocalypse HD,Resident Evil 2 HD,Resident Evil 2 HD,2/5/2018,2/28/2018,"Resident Evil: Apocalypse Alice awakes in Raccoon City, only to find it has become infested with zombies and monsters. With the help of Jill Valentine and Carlos Olivera, Alice must find a way out of the city before it is destroyed by a nuclear missile. (fuse) HD TV set top box required","Resident Evil: Apocalypse Alice awakes in Raccoon City, only to find it has become infested with zombies and monsters. With the help of Jill Valentine and Carlos Olivera, Alice must find a way out of the city before it is destroyed by a nuclear missile. (fuse) HD TV set top box required","Resident Evil: Apocalypse Alice awakes in Raccoon City, only to find it has become infested with zombies and monsters. (fuse) HD TV set top box required",FUSE/Movies,Movies,TV-14,,,,,,,0,2018,,FUSE MEDIA,,"Jovovich, Milla",Starring Milla Jovovich,,,,,,,,,,,,,,,,,,,,,,,,,,,,,,,,,N,,,,,,,Y,Stereo,Y,,1:22:00,1:22,FUSE0200000000013695.mpg,,,1080p,30,MPEG2,,,FTP_MPEG2_HD,,,,,,,,,,,,,,,,,,,,,FUSE0400000000013695.bmp,,,FUSE0500000000013695.jpg,,,N,,,,,,,,,,,,,,,,,,,,,,,,,,,,,,,,,,,,,,,,,,,,,,,,,,,,,,,,,,,,,,,,,,,,,,,,,,,,,,,,,,,,,,,,,,,,,,,,,,,,,,,,,,,,,,,,,,,,,,,,,,,,,,,,,,,,,,,,,,,,,,,,,,,,,,,,,,,,,,,,,,,,,,,,,,,,,,,,,,,,,,,,,,,,,,,,,,,,,,,
,Add,1/19/2018,,FULL,FUSE,FUSE.TV,jdibella@fuse.tv,,,,,1/19/2018 0:00,FUSE0000000000013696,FUSE0100000000013696,FUSE0200000000013696,,,FUSE0400000000013696,FUSE0500000000013696,FUSE_20_HD,Resident Evil: Extinction HD,Resident Evil: Extinction HD,Resident Evil 3 HD,Resident Evil 3 HD,2/5/2018,2/28/2018,"Resident Evil: Extinction Survivors of the Raccoon City catastrophe travel across the Nevada desert, hoping to make it to Alaska. Alice joins the caravan and their fight against the evil Umbrella Corp. (fuse) HD TV set top box required","Resident Evil: Extinction Survivors of the Raccoon City catastrophe travel across the Nevada desert, hoping to make it to Alaska. Alice joins the caravan and their fight against the evil Umbrella Corp. (fuse) HD TV set top box required","Resident Evil: Extinction Survivors of the Raccoon City catastrophe travel across the Nevada desert, hoping to make it to Alaska. Alice joins the caravan and their fight against the evil Umbrella Corp. (fuse) HD TV set top box required",FUSE/Movies,Movies,TV-14,,,,,,,0,2018,,FUSE MEDIA,,"Jovovich, Milla",Starring Milla Jovovich,,,,,,,,,,,,,,,,,,,,,,,,,,,,,,,,,N,,,,,,,Y,Stereo,Y,,1:22:00,1:22,FUSE0200000000013696.mpg,,,1080p,30,MPEG2,,,FTP_MPEG2_HD,,,,,,,,,,,,,,,,,,,,,FUSE0400000000013696.bmp,,,FUSE0500000000013696.jpg,,,N,,,,,,,,,,,,,,,,,,,,,,,,,,,,,,,,,,,,,,,,,,,,,,,,,,,,,,,,,,,,,,,,,,,,,,,,,,,,,,,,,,,,,,,,,,,,,,,,,,,,,,,,,,,,,,,,,,,,,,,,,,,,,,,,,,,,,,,,,,,,,,,,,,,,,,,,,,,,,,,,,,,,,,,,,,,,,,,,,,,,,,,,,,,,,,,,,,,,,,,
,Add,1/19/2018,,FULL,FUSE,FUSE.TV,jdibella@fuse.tv,,,,,1/19/2018 0:00,FUSE0000000000013697,FUSE0100000000013697,FUSE0200000000013697,,,FUSE0400000000013697,FUSE0500000000013697,FUSE_20_HD,Never Back Down 2: The Beatdown HD,Never Back Down 2: The Beatdown HD,Never Back Down HD,Never Back Down HD,2/5/2018,3/31/2018,Never Back Down 2: The Beatdown Four fighters with different backgrounds come together to train under an ex-MMA rising star and then ultimately have to fight each other. (fuse) HD TV set top box required,Never Back Down 2: The Beatdown Four fighters with different backgrounds come together to train under an ex-MMA rising star and then ultimately have to fight each other. (fuse) HD TV set top box required,Never Back Down 2: The Beatdown Four fighters with different backgrounds come together to train under an ex-MMA rising star and then ultimately have to fight each other. (fuse) HD TV set top box required,FUSE/Movies,Movies,TV-14,,,,,,,0,2018,,FUSE MEDIA,,"White, Michael Jai; Geyer, Dean; Meraz, Alex","Starring Michael Jai White, Dean Geyer, and Alex Meraz",,,,,,,,,,,,,,,,,,,,,,,,,,,,,,,,,N,,,,,,,Y,Stereo,Y,,1:42:00,1:42,FUSE0200000000013697.mpg,,,1080p,30,MPEG2,,,FTP_MPEG2_HD,,,,,,,,,,,,,,,,,,,,,FUSE0400000000013697.bmp,,,FUSE0500000000013697.jpg,,,N,,,,,,,,,,,,,,,,,,,,,,,,,,,,,,,,,,,,,,,,,,,,,,,,,,,,,,,,,,,,,,,,,,,,,,,,,,,,,,,,,,,,,,,,,,,,,,,,,,,,,,,,,,,,,,,,,,,,,,,,,,,,,,,,,,,,,,,,,,,,,,,,,,,,,,,,,,,,,,,,,,,,,,,,,,,,,,,,,,,,,,,,,,,,,,,,,,,,,,,
,Add,1/19/2018,,FULL,FUSE,FUSE.TV,jdibella@fuse.tv,,,,,1/19/2018 0:00,FUSE0000000000013698,FUSE0100000000013698,FUSE0200000000013698,,,FUSE0400000000013698,FUSE0500000000013698,FUSE_20_HD,Scream 3 HD,Scream 3 HD,Scream 3 HD,Scream 3 HD,2/26/2018,3/26/2018,"Scream 3 While Sidney and her friends visit the Hollywood set of Stab 3, the third film based on the Woodsboro murders, a new Ghostface begins to terrorize them once again. (fuse) HD TV set top box required","Scream 3 While Sidney and her friends visit the Hollywood set of Stab 3, the third film based on the Woodsboro murders, a new Ghostface begins to terrorize them once again. (fuse) HD TV set top box required","Scream 3 While Sidney and her friends visit the Hollywood set of Stab 3, the third film based on the Woodsboro murders, a new Ghostface begins to terrorize them once again. (fuse) HD TV set top box required",FUSE/Movies,Movies,TV-14,,,,,,,0,2018,,FUSE MEDIA,,"Arquette, David; Campbell, Neve; Cox, Courteney ","Starring David Arquette, Neve Campbell, and Courteney Cox",,,,,,,,,,,,,,,,,,,,,,,,,,,,,,,,,N,,,,,,,Y,Stereo,Y,,1:42:00,1:42,FUSE0200000000013698.mpg,,,1080p,30,MPEG2,,,FTP_MPEG2_HD,,,,,,,,,,,,,,,,,,,,,FUSE0400000000013698.bmp,,,FUSE0500000000013698.jpg,,,N,,,,,,,,,,,,,,,,,,,,,,,,,,,,,,,,,,,,,,,,,,,,,,,,,,,,,,,,,,,,,,,,,,,,,,,,,,,,,,,,,,,,,,,,,,,,,,,,,,,,,,,,,,,,,,,,,,,,,,,,,,,,,,,,,,,,,,,,,,,,,,,,,,,,,,,,,,,,,,,,,,,,,,,,,,,,,,,,,,,,,,,,,,,,,,,,,,,,,,,
,Add,1/19/2018,,FULL,FUSE,FUSE.TV,jdibella@fuse.tv,,,,,1/19/2018 0:00,FUSE0000000000013699,FUSE0100000000013699,FUSE0200000000013699,,,FUSE0400000000013699,FUSE0500000000013699,FUSE_20_HD,Juwanna Mann HD,Juwanna Mann HD,Juwanna Mann HD,Juwanna Mann HD,3/1/2018,3/31/2018,"Juwanna Mann A basketball star is booted out of the NBA when his on-court antics go too far, so he poses as a woman and joins the WUBA. (fuse) HD TV set top box required","Juwanna Mann A basketball star is booted out of the NBA when his on-court antics go too far, so he poses as a woman and joins the WUBA. (fuse) HD TV set top box required","Juwanna Mann A basketball star is booted out of the NBA when his on-court antics go too far, so he poses as a woman and joins the WUBA. (fuse) HD TV set top box required",FUSE/Movies,Movies,TV-14,,,,,,,0,2018,,FUSE MEDIA,,"N£¤ez Jr., Miguel A.; Fox, Vivica A.; Pollak, Kevin ","Starring Miguel A. N£¤ez Jr., Vivica A. Fox, and Kevin Pollak",,,,,,,,,,,,,,,,,,,,,,,,,,,,,,,,,N,,,,,,,Y,Stereo,Y,,1:22:00,1:22,FUSE0200000000013699.mpg,,,1080p,30,MPEG2,,,FTP_MPEG2_HD,,,,,,,,,,,,,,,,,,,,,FUSE0400000000013699.bmp,,,FUSE0500000000013699.jpg,,,N,,,,,,,,,,,,,,,,,,,,,,,,,,,,,,,,,,,,,,,,,,,,,,,,,,,,,,,,,,,,,,,,,,,,,,,,,,,,,,,,,,,,,,,,,,,,,,,,,,,,,,,,,,,,,,,,,,,,,,,,,,,,,,,,,,,,,,,,,,,,,,,,,,,,,,,,,,,,,,,,,,,,,,,,,,,,,,,,,,,,,,,,,,,,,,,,,,,,,,,
,Add,1/19/2018,,FULL,FUSE,FUSE.TV,jdibella@fuse.tv,,,,,1/19/2018 0:00,FUSE0000000000013700,FUSE0100000000013700,FUSE0200000000013700,,,FUSE0400000000013700,FUSE0500000000013700,FUSE_20_HD,First Sunday HD,First Sunday HD,First Sunday HD,First Sunday HD,3/1/2018,5/31/2018,"First Sunday Durell Washington and LeeJohn Jackson are best friends and bumbling petty criminals. When Durell learns that his ex-girlfriend plans to move to another state with their son Durell Jr.--unless they can get her $17,000 to pay off a debt-- and so Durell and LeeJohn ultimately comes up with a desperate scheme to rob their neighborhood church. (fuse) HD TV set top box required","First Sunday Durell Washington and LeeJohn Jackson are best friends and bumbling petty criminals. When Durell learns that his ex-girlfriend plans to move to another state with their son Durell Jr.--unless they can get her $17,000 to pay off a debt-- and so Durell and LeeJohn ultimately comes up with a desperate scheme to rob their neighborhood church. (fuse) HD TV set top box required","First Sunday When Durell learns that his ex-girlfriend plans to move to another state with their son Durell Jr.--unless he can get her $17,000 to pay off a debt by robbing their neighborhood church. (fuse) HD TV set top box required",FUSE/Movies,Movies,TV-14,,,,,,,0,2018,,FUSE MEDIA,,"Cube, Ice; Williams, Katt; Morgan, Tracy ","Starring Ice Cube, Katt Williams, and Tracy Morgan",,,,,,,,,,,,,,,,,,,,,,,,,,,,,,,,,N,,,,,,,Y,Stereo,Y,,1:22:00,1:22,FUSE0200000000013700.mpg,,,1080p,30,MPEG2,,,FTP_MPEG2_HD,,,,,,,,,,,,,,,,,,,,,FUSE0400000000013700.bmp,,,FUSE0500000000013700.jpg,,,N,,,,,,,,,,,,,,,,,,,,,,,,,,,,,,,,,,,,,,,,,,,,,,,,,,,,,,,,,,,,,,,,,,,,,,,,,,,,,,,,,,,,,,,,,,,,,,,,,,,,,,,,,,,,,,,,,,,,,,,,,,,,,,,,,,,,,,,,,,,,,,,,,,,,,,,,,,,,,,,,,,,,,,,,,,,,,,,,,,,,,,,,,,,,,,,,,,,,,,,
,Add,1/19/2018,,FULL,FUSE,FUSE.TV,jdibella@fuse.tv,,,,,1/19/2018 0:00,FUSE0000000000013701,FUSE0100000000013701,FUSE0200000000013701,,,FUSE0400000000013701,FUSE0500000000013701,FUSE_20_HD,Big Freedia: S06E01 The Queen Diva Is Back! (HD),Big Freedia: S06E01 (HD),Big Freedia: S06 HD,Big Freedia: S06 HD,2/5/2017,3/4/2018,Big Freedia: S06E01 The Queen Diva Is Back!: Freedia is shaking things up and letting folks know #everythingmustchange. Freedia?s recent felony conviction forces her to change everything in her life and career ? from ending a lifelong love of marijuana to figuring out who in her world might be holding her back. (fuse) HD TV set top box required,Big Freedia: S06E01 The Queen Diva Is Back!: Freedia is shaking things up and letting folks know #everythingmustchange. Freedia?s recent felony conviction forces her to change everything in her life and career ? from ending a lifelong love of marijuana to figuring out who in her world might be holding her back. (fuse) HD TV set top box required,Big Freedia: S06E01 The Queen Diva Is Back! (fuse) HD TV set top box required,FUSE/Big Freedia,Music,TV-14,,,,,,,0,2018,,FUSE MEDIA,11063,,,,,,,,1,The Queen Diva Is Back!,,,Big Freedia,6,,,,,,,,,,,,,,,,,,,,,,N,,,,,,,Y,Stereo,Y,,0:42:00,0:42,FUSE0200000000013701.mpg,,,1080p,30,MPEG2,,,FTP_MPEG2_HD,,,,,,,,,,,,,,,,,,,,,FUSE0400000000013701.bmp,,,FUSE0500000000013701.jpg,,,N,,,,,,,,,,,,,,,,,,,,,,,,,,,,,,,,,,,,,,,,,,,,,,,,,,,,,,,,,,,,,,,,,,,,,,,,,,,,,,,,,,,,,,,,,,,,,,,,,,,,,,,,,,,,,,,,,,,,,,,,,,,,,,,,,,,,,,,,,,,,,,,,,,,,,,,,,,,,,,,,,,,,,,,,,,,,,,,,,,,,,,,,,,,,,,,,,,,,,,,
,Add,1/19/2018,,FULL,FUSE,FUSE.TV,jdibella@fuse.tv,,,,,1/19/2018 0:00,FUSE0000000000013702,FUSE0100000000013702,FUSE0200000000013702,,,FUSE0400000000013702,FUSE0500000000013702,FUSE_20_HD,Big Freedia: S06E02 Booty Poppin Potatoes (HD),Big Freedia: S06E02 (HD),Big Freedia: S06 HD,Big Freedia: S06 HD,2/5/2017,3/4/2018,"Big Freedia: S06E02 Booty Poppin Potatoes: It?s the Queen?s BIRTHDAY and parole ain?t stopping this DIVA from celebrating with family, friends and getting lit. Meanwhile chef Freedia hits the streets to better her community with her famous booty poppin potatoes. (fuse) HD TV set top box required","Big Freedia: S06E02 Booty Poppin Potatoes: It?s the Queen?s BIRTHDAY and parole ain?t stopping this DIVA from celebrating with family, friends and getting lit. Meanwhile chef Freedia hits the streets to better her community with her famous booty poppin potatoes. (fuse) HD TV set top box required",Big Freedia: S06E02 Booty Poppin Potatoes (fuse) HD TV set top box required,FUSE/Big Freedia,Music,TV-14,,,,,,,0,2018,,FUSE MEDIA,11063,,,,,,,,2,Booty Poppin Potatoes,,,Big Freedia,6,,,,,,,,,,,,,,,,,,,,,,N,,,,,,,Y,Stereo,Y,,0:42:00,0:42,FUSE0200000000013702.mpg,,,1080p,30,MPEG2,,,FTP_MPEG2_HD,,,,,,,,,,,,,,,,,,,,,FUSE0400000000013702.bmp,,,FUSE0500000000013702.jpg,,,N,,,,,,,,,,,,,,,,,,,,,,,,,,,,,,,,,,,,,,,,,,,,,,,,,,,,,,,,,,,,,,,,,,,,,,,,,,,,,,,,,,,,,,,,,,,,,,,,,,,,,,,,,,,,,,,,,,,,,,,,,,,,,,,,,,,,,,,,,,,,,,,,,,,,,,,,,,,,,,,,,,,,,,,,,,,,,,,,,,,,,,,,,,,,,,,,,,,,,,,
,Add,1/19/2018,,FULL,FUSE,FUSE.TV,jdibella@fuse.tv,,,,,1/19/2018 0:00,FUSE0000000000013703,FUSE0100000000013703,FUSE0200000000013703,,,FUSE0400000000013703,FUSE0500000000013703,FUSE_20_HD,Big Freedia: S06E03 The Power of Weed (HD),Big Freedia: S06E03 (HD),Big Freedia: S06 HD,Big Freedia: S06 HD,2/5/2017,3/4/2018,"Big Freedia: S06E03 The Power of Weed: Freedia heads back to Los Angeles to attend the Grammy Awards, but the temptation of weed affects her every step and threatens her ability to stay out of jail. (fuse) HD TV set top box required","Big Freedia: S06E03 The Power of Weed: Freedia heads back to Los Angeles to attend the Grammy Awards, but the temptation of weed affects her every step and threatens her ability to stay out of jail. (fuse) HD TV set top box required",Big Freedia: S06E03 The Power of Weed (fuse) HD TV set top box required,FUSE/Big Freedia,Music,TV-14,,,,,,,0,2018,,FUSE MEDIA,11063,,,,,,,,3,The Power of Weed,,,Big Freedia,6,,,,,,,,,,,,,,,,,,,,,,N,,,,,,,Y,Stereo,Y,,0:42:00,0:42,FUSE0200000000013703.mpg,,,1080p,30,MPEG2,,,FTP_MPEG2_HD,,,,,,,,,,,,,,,,,,,,,FUSE0400000000013703.bmp,,,FUSE0500000000013703.jpg,,,N,,,,,,,,,,,,,,,,,,,,,,,,,,,,,,,,,,,,,,,,,,,,,,,,,,,,,,,,,,,,,,,,,,,,,,,,,,,,,,,,,,,,,,,,,,,,,,,,,,,,,,,,,,,,,,,,,,,,,,,,,,,,,,,,,,,,,,,,,,,,,,,,,,,,,,,,,,,,,,,,,,,,,,,,,,,,,,,,,,,,,,,,,,,,,,,,,,,,,,,
,Add,1/19/2018,,FULL,FUSE,FUSE.TV,jdibella@fuse.tv,,,,,1/19/2018 0:00,FUSE0000000000013704,FUSE0100000000013704,FUSE0200000000013704,,,FUSE0400000000013704,FUSE0500000000013704,FUSE_20_HD,Big Freedia: S06E04 Team Freedia: Veterans vs Rookies (HD),Big Freedia: S06E04 (HD),Big Freedia: S06 HD,Big Freedia: S06 HD,2/5/2017,3/4/2018,"Big Freedia: S06E04 Team Freedia: Veterans vs Rookies: While Freedia lives it up in LA, Berto is mixing things up with the dancers in New Orleans and Tootie snaps like an alligator when she hears Freedia is bonding with the new dancers deep in the swamps of Louisiana. (fuse) HD TV set top box required","Big Freedia: S06E04 Team Freedia: Veterans vs Rookies: While Freedia lives it up in LA, Berto is mixing things up with the dancers in New Orleans and Tootie snaps like an alligator when she hears Freedia is bonding with the new dancers deep in the swamps of Louisiana. (fuse) HD TV set top box required",Big Freedia: S06E04 Team Freedia: Veterans vs Rookies (fuse) HD TV set top box required,FUSE/Big Freedia,Music,TV-14,,,,,,,0,2018,,FUSE MEDIA,11063,,,,,,,,4,Team Freedia: Veterans vs Rookies,,,Big Freedia,6,,,,,,,,,,,,,,,,,,,,,,N,,,,,,,Y,Stereo,Y,,0:42:00,0:42,FUSE0200000000013704.mpg,,,1080p,30,MPEG2,,,FTP_MPEG2_HD,,,,,,,,,,,,,,,,,,,,,FUSE0400000000013704.bmp,,,FUSE0500000000013704.jpg,,,N,,,,,,,,,,,,,,,,,,,,,,,,,,,,,,,,,,,,,,,,,,,,,,,,,,,,,,,,,,,,,,,,,,,,,,,,,,,,,,,,,,,,,,,,,,,,,,,,,,,,,,,,,,,,,,,,,,,,,,,,,,,,,,,,,,,,,,,,,,,,,,,,,,,,,,,,,,,,,,,,,,,,,,,,,,,,,,,,,,,,,,,,,,,,,,,,,,,,,,,
,Add,1/19/2018,,FULL,FUSE,FUSE.TV,jdibella@fuse.tv,,,,,1/19/2018 0:00,FUSE0000000000013705,FUSE0100000000013705,FUSE0200000000013705,,,FUSE0400000000013705,FUSE0500000000013705,FUSE_20_HD,Big Freedia: S06E05 Girl Down! (HD),Big Freedia: S06E05 (HD),Big Freedia: S06 HD,Big Freedia: S06 HD,2/5/2017,3/4/2018,"Big Freedia: S06E05 Girl Down!: It?s Mardi Gras in New Orleans and Freedia has finally earned a coveted spot in the main parade, but a visit by a mysterious voodoo priest unsettles her as she hears shocking predictions about her future. (fuse) HD TV set top box required","Big Freedia: S06E05 Girl Down!: It?s Mardi Gras in New Orleans and Freedia has finally earned a coveted spot in the main parade, but a visit by a mysterious voodoo priest unsettles her as she hears shocking predictions about her future. (fuse) HD TV set top box required",Big Freedia: S06E05 Girl Down! (fuse) HD TV set top box required,FUSE/Big Freedia,Music,TV-14,,,,,,,0,2018,,FUSE MEDIA,11063,,,,,,,,5,Girl Down!,,,Big Freedia,6,,,,,,,,,,,,,,,,,,,,,,N,,,,,,,Y,Stereo,Y,,0:42:00,0:42,FUSE0200000000013705.mpg,,,1080p,30,MPEG2,,,FTP_MPEG2_HD,,,,,,,,,,,,,,,,,,,,,FUSE0400000000013705.bmp,,,FUSE0500000000013705.jpg,,,N,,,,,,,,,,,,,,,,,,,,,,,,,,,,,,,,,,,,,,,,,,,,,,,,,,,,,,,,,,,,,,,,,,,,,,,,,,,,,,,,,,,,,,,,,,,,,,,,,,,,,,,,,,,,,,,,,,,,,,,,,,,,,,,,,,,,,,,,,,,,,,,,,,,,,,,,,,,,,,,,,,,,,,,,,,,,,,,,,,,,,,,,,,,,,,,,,,,,,,,
,Add,1/19/2018,,FULL,FUSE,FUSE.TV,jdibella@fuse.tv,,,,,1/19/2018 0:00,FUSE0000000000013706,FUSE0100000000013706,FUSE0200000000013706,,,FUSE0400000000013706,FUSE0500000000013706,FUSE_20_HD,Big Freedia: S06E06 It Just Got Real! (HD),Big Freedia: S06E06 (HD),Big Freedia: S06 HD,Big Freedia: S06 HD,2/26/2017,3/18/2018,Big Freedia: S06E06 It Just Got Real!: Freedia records a song for a local accident attorney that goes viral and rumors of Devon cheating turns Freedia?s personal life upside down. (fuse) HD TV set top box required,Big Freedia: S06E06 It Just Got Real!: Freedia records a song for a local accident attorney that goes viral and rumors of Devon cheating turns Freedia?s personal life upside down. (fuse) HD TV set top box required,Big Freedia: S06E06 It Just Got Real! (fuse) HD TV set top box required,FUSE/Big Freedia,Music,TV-14,,,,,,,0,2018,,FUSE MEDIA,11063,,,,,,,,6,It Just Got Real!,,,Big Freedia,6,,,,,,,,,,,,,,,,,,,,,,N,,,,,,,Y,Stereo,Y,,0:42:00,0:42,FUSE0200000000013706.mpg,,,1080p,30,MPEG2,,,FTP_MPEG2_HD,,,,,,,,,,,,,,,,,,,,,FUSE0400000000013706.bmp,,,FUSE0500000000013706.jpg,,,N,,,,,,,,,,,,,,,,,,,,,,,,,,,,,,,,,,,,,,,,,,,,,,,,,,,,,,,,,,,,,,,,,,,,,,,,,,,,,,,,,,,,,,,,,,,,,,,,,,,,,,,,,,,,,,,,,,,,,,,,,,,,,,,,,,,,,,,,,,,,,,,,,,,,,,,,,,,,,,,,,,,,,,,,,,,,,,,,,,,,,,,,,,,,,,,,,,,,,,,
,Add,1/19/2018,,FULL,FUSE,FUSE.TV,jdibella@fuse.tv,,,,,1/19/2018 0:00,FUSE0000000000013707,FUSE0100000000013707,FUSE0200000000013707,,,FUSE0400000000013707,FUSE0500000000013707,FUSE_20_HD,"Big Freedia: S06E07 What Do, I Do! (HD)",Big Freedia: S06E07 (HD),Big Freedia: S06 HD,Big Freedia: S06 HD,2/26/2017,3/18/2018,"Big Freedia: S06E07 What Do, I Do!: Big Freedia?s best friend, Katey Red, heads to the altar while competing LA-based record companies approach Freedia with life-changing opportunities. (fuse) HD TV set top box required","Big Freedia: S06E07 What Do, I Do!: Big Freedia?s best friend, Katey Red, heads to the altar while competing LA-based record companies approach Freedia with life-changing opportunities. (fuse) HD TV set top box required","Big Freedia: S06E07 What Do, I Do! (fuse) HD TV set top box required",FUSE/Big Freedia,Music,TV-14,,,,,,,0,2018,,FUSE MEDIA,11063,,,,,,,,7,"What Do, I Do!",,,Big Freedia,6,,,,,,,,,,,,,,,,,,,,,,N,,,,,,,Y,Stereo,Y,,0:42:00,0:42,FUSE0200000000013707.mpg,,,1080p,30,MPEG2,,,FTP_MPEG2_HD,,,,,,,,,,,,,,,,,,,,,FUSE0400000000013707.bmp,,,FUSE0500000000013707.jpg,,,N,,,,,,,,,,,,,,,,,,,,,,,,,,,,,,,,,,,,,,,,,,,,,,,,,,,,,,,,,,,,,,,,,,,,,,,,,,,,,,,,,,,,,,,,,,,,,,,,,,,,,,,,,,,,,,,,,,,,,,,,,,,,,,,,,,,,,,,,,,,,,,,,,,,,,,,,,,,,,,,,,,,,,,,,,,,,,,,,,,,,,,,,,,,,,,,,,,,,,,,
,Add,1/19/2018,,FULL,FUSE,FUSE.TV,jdibella@fuse.tv,,,,,1/19/2018 0:00,FUSE0000000000013708,FUSE0100000000013708,FUSE0200000000013708,,,FUSE0400000000013708,FUSE0500000000013708,FUSE_20_HD,Big Freedia: S06E08 Sin City Shakedown(HD),Big Freedia: S06E08 (HD),Big Freedia: S06 HD,Big Freedia: S06 HD,2/26/2017,3/18/2018,"Big Freedia: S06E08 Sin City Shakedown: It?s an explosive finale as Big Freedia takes over Las Vegas for a show-stopping performance, only to have drama follow from New Orleans that threatens to ruin Freedia?s reputation and show. (fuse) HD TV set top box required","Big Freedia: S06E08 Sin City Shakedown: It?s an explosive finale as Big Freedia takes over Las Vegas for a show-stopping performance, only to have drama follow from New Orleans that threatens to ruin Freedia?s reputation and show. (fuse) HD TV set top box required",Big Freedia: S06E08 Sin City Shakedown(fuse) HD TV set top box required,FUSE/Big Freedia,Music,TV-14,,,,,,,0,2018,,FUSE MEDIA,11063,,,,,,,,8,Sin City Shakedown,,,Big Freedia,6,,,,,,,,,,,,,,,,,,,,,,N,,,,,,,Y,Stereo,Y,,0:42:00,0:42,FUSE0200000000013708.mpg,,,1080p,30,MPEG2,,,FTP_MPEG2_HD,,,,,,,,,,,,,,,,,,,,,FUSE0400000000013708.bmp,,,FUSE0500000000013708.jpg,,,N,,,,,,,,,,,,,,,,,,,,,,,,,,,,,,,,,,,,,,,,,,,,,,,,,,,,,,,,,,,,,,,,,,,,,,,,,,,,,,,,,,,,,,,,,,,,,,,,,,,,,,,,,,,,,,,,,,,,,,,,,,,,,,,,,,,,,,,,,,,,,,,,,,,,,,,,,,,,,,,,,,,,,,,,,,,,,,,,,,,,,,,,,,,,,,,,,,,,,,,
